Sewing Machine,248
Sewing Machines,154
Iron,134
Drill,75
Embroidery Machine,67
Ironing board,67
Drill Bits,66
Cutting Mat (24 in x 18 in),47
Caliper,38
Ruler,38
Ironing mat,34
Cutting Mat (36 in x 24 in),32
"1"" Button Makers",26
Sergers,22
Safety Glasses,21
Cricut,18
Knitting Machine,18
Heat Gun,17
Clamps,17
"2.25"" Button Makers",14
Cutting Mat (For Either Rotary or X-acto Knife),12
Impact driver,12
Cricut Cutting Mat (30 in x 60 in),11
Laminator,10
Sandbags,9
Corded Drill,9
Sabre saw,9
Long Red Extension Cord,8
Sander,7
Screwdrivers,7
Dremel Rotary Tool Kit,7
Laser Cutter Rotary Attachment,7
Cricut Cutting Mat (30 in x 30 in),7
Router,7
Advanced Digital Multimeter,7
Phone Tripod Mount,7
Knitting Needles and Crochet Hooks,6
Work Mat,6
Loom Shuttle,6
Loom Bobbin,6
"2.25"" Button Fronts",5
Dress Form,5
Slate/Clapper,5
"2.25"" Button Plastics",5
Machine Embroidery Hoops,5
"2.25"" Button Backs",5
"Dremel Stylo+, Versatile Crafting Tool",4
Welding Canisters,4
Drill Battery,4
Drill Parts,4
Needle Files,4
USB Drives,4
"Light Kit, GVM",4
"Camera Tripod, Benro",4
"Camera Kit, Canon M50",4
"Light Stand, Impact Light Kit",4
Jacquard Loom Laptop,4
Metal Plates (For Button Making),4
Camera Gimbal,4
Glue Gun,4
Compressed Air,3
Wire Strippers and Clippers,3
"Shotgun Microphone, Sennheiser MKH 416 (w/ Clip, Windscreen, and Case)",3
Mod Podge Gloss Clear Acrylic Sealer,3
WD-40,3
Cricut Vinyl ,3
Rotary Cutters,3
"Camera Kit Z7ii, Nikon",3
Keysight Power Supplies,3
Lens Kit,3
Spray Paint Gun Kit,3
"1"" Button Supplies",3
Loom thread,3
Misc. Dremel Attachments (Small Case),3
"Tape, Spike",3
"LED Light Kit, Neewer",3
Ear Muffs,3
"Zoom Lens, Canon (24-105 mm) (w/ Lens Cap and Case)",3
Laminating Pouches,2
"Light Stand, Impact (10')",2
"Camera Tripod, Ace XL (w/ Plate and Bag)",2
Analog Multimeter ,2
Thin Ironing Mesh for Ironing,2
3.5 mm Male to XLR Cable,2
Keysight Multimeters & Radioshack Multimeters,2
Dremel Sanding/Grinding Kit,2
Hammers,2
"Camera Kit, Canon C200",2
"XLR Male to XLR Female Cable, 6'",2
Nesting Apple Box (Set of 4),2
Serger Only Thread (Many Colors Available),2
Cardboard,2
Battery,2
Super Large Measuring Mat Roll,2
Hot Glue,2
Tailor Tape Measure,2
Grey Roll Mat,2
USB Cables,2
Super Glue,2
Sand Paper,2
Adjustable Button Rotary Cutter (For Paper),2
acetone,2
"Case, Nikon Camera Kit",2
Coping saw,1
"Camera Kit, Nikon Z7ii",1
Cricut Markers,1
"Shock Mount, MXL V89 ",1
"Light Kit, Nanlite Mixpad27",1
J-B Weld ClearWeld Quick Setting Epoxy,1
Power saw,1
Rollable Vac,1
"SD Card, 128 GB",1
Pipe Wrenches,1
"Ladder, 10 ft",1
"Lens Cap, Canon M50",1
Battery Charger,1
"Microphone, Shure SM57 (w/ Clip and Bag)",1
Measuring devices,1
Leather Sewing Machine,1
"Microphone, Shure SM58 (w/ Clip and Bag)",1
"XLR Male to XLR Female Cable, 3'",1
"Wrench 6""",1
Tripod Mount Grip,1
SD Card Readers,1
Phone Gimbal,1
Non-Hazardous Silicone RTV,1
"Wrench 8""",1
Heat Gun/Soldering Station,1
"Audio Recorder, Tascam DR-40X (w/ 3 AA Batteries and Case)",1
"Foam Windscreen, MXL V89 ",1
Table Top Epoxy,1
"Wireless Microphone Kit, Sennheiser",1
Wood / Tacky Glue,1
Acrylic Polymer,1
Clay Tools,1
"USB to XLR Female Cable, 10'",1
"Heat Gun, Etepon",1
"Rod, 15 mm x 12"" ",1
"HDMI Male to HDMI Mini Male Cable, 10'",1
"Tape, Gaff",1
Epoxy Hardener,1
Black Multimeter Pointed Probes,1
Sewing Machine Oil,1
"Rear Lens Cap, Canon M50",1
Couplers for Air Supply,1
"XLR Male to XLR Female Cable, Long",1
HDMI Female to HDMI Female Coupler,1
Tape Measure,1
Allen Wrenches,1
"Microphone, Audio-Technica AT4033 (w/ Foam Windscreen)",1
"Camera Kit, Nikon",1
Hack saw,1
Pro Reel Extension Cord,1
"Foam Windscreen, Shure MV7",1
Power Rust Penetrating Catalyst,1
"Windscreen, Rycote (w/ Brush)",1
Paper Towels,1
Analog Multimeter Probe,1
Spare Multimeter Pointed Probes,1
"Bag, Neewer LED Light Kit",1
Heat Shrinks,1
Lens Cleaning Kit,1
Paper Cutter,1
"Microphone, Audio-Technica AT4033a  (w/ Foam Windscreen)",1
12 in. rulers,1
"XLR Male to XLR Female Cable, 10'",1
"Lavalier Microphone, Sennheiser",1
Wrench Sets,1
Utility knife/box cutter,1
"Microphone Kit, Rode NT-USB",1
"Microphone, MXL V89 ",1
"XLR Male to XLR Female Cable, 25'",1
Embroidery Hoops,1
Mothers NuLens Headlight Renewal Kit,1
Printing Press Cart,1
3D Fabric Paint,1
Red Multimeter Pointed Probes,1
Angle Grinder,1
Delicate Task Wipers,1
"Battery Charger, Video Monitor Kit",1
Duck Bill Clamp,1
Gel,1
Short Extension Cords,1
C-Stand Kit,1
"Lens Hood, Canon",1
Microphone Clip,1
"Camera, Canon C200",1
Large Dremel Kit Case (With Some Attachments),1
"SD Card, 128 GB ",1
"Light Kit, Impact",1
Duct Tape,1
Hand truck (cart/dolly),1
Phone Gimbal Tripod,1
"Microphone Kit, MXL 603S",1
Spare Sewing Scissors,1
